{
  "logistic": {
    "train": {
      "roc_auc": 0.6386253867306513,
      "pr_auc": 0.49851598112841977,
      "f1": 0.518335143788234,
      "precision": 0.4807869756589065,
      "recall": 0.5622449612403101,
      "accuracy": 0.628763676582694,
      "tp": 45331,
      "fp": 48954,
      "tn": 97360,
      "fn": 35294,
      "threshold_used": 0.5,
      "pseudo_r2": -0.006646108879810209
    },
    "test": {
      "roc_auc": 0.6406522089889819,
      "pr_auc": 0.5074093941781904,
      "f1": 0.5210434058209965,
      "precision": 0.4934095914275384,
      "recall": 0.5519561700250036,
      "accuracy": 0.6363552510212149,
      "tp": 15011,
      "fp": 15412,
      "tn": 33282,
      "fn": 12185,
      "threshold_used": 0.5,
      "pseudo_r2": 0.00268420583049489
    }
  },
  "xgboost": {
    "train": {
      "roc_auc": 0.6414581588943309,
      "pr_auc": 0.5032944331853615,
      "f1": 0.5246612768330081,
      "precision": 0.47656621929602433,
      "recall": 0.583553488372093,
      "accuracy": 0.6243395802396239,
      "tp": 47049,
      "fp": 51676,
      "tn": 94638,
      "fn": 33576,
      "threshold_used": 0.5,
      "pseudo_r2": "N/A"
    },
    "test": {
      "roc_auc": 0.6434569302890424,
      "pr_auc": 0.5085949610446578,
      "f1": 0.526790235997164,
      "precision": 0.48695462205854817,
      "recall": 0.5737240770701574,
      "accuracy": 0.6306232705231256,
      "tp": 15603,
      "fp": 16439,
      "tn": 32255,
      "fn": 11593,
      "threshold_used": 0.5,
      "pseudo_r2": "N/A"
    }
  }
}