{
  "logistic": {
    "train": {
      "roc_auc": 0.6941152432386839,
      "pr_auc": 0.5723037738837942,
      "f1": 0.5448717193263645,
      "precision": 0.5190107879345764,
      "recall": 0.5734449612403101,
      "accuracy": 0.6596530345158831,
      "tp": 46234,
      "fp": 42847,
      "tn": 103467,
      "fn": 34391,
      "threshold_used": 0.5,
      "pseudo_r2": 0.03140065653407831
    },
    "test": {
      "roc_auc": 0.6966993051927133,
      "pr_auc": 0.5834443393118707,
      "f1": 0.540969510228942,
      "precision": 0.5274575560679103,
      "recall": 0.5551919399911752,
      "accuracy": 0.6623534062458822,
      "tp": 15099,
      "fp": 13527,
      "tn": 35167,
      "fn": 12097,
      "threshold_used": 0.5,
      "pseudo_r2": 0.043142493435890605
    }
  },
  "xgboost": {
    "train": {
      "roc_auc": 0.7816312142950921,
      "pr_auc": 0.6783147298791615,
      "f1": 0.6249041367798981,
      "precision": 0.5729337924331255,
      "recall": 0.6872434108527132,
      "accuracy": 0.7068903978602179,
      "tp": 55409,
      "fp": 41302,
      "tn": 105012,
      "fn": 25216,
      "threshold_used": 0.5,
      "pseudo_r2": "N/A"
    },
    "test": {
      "roc_auc": 0.7071186001389083,
      "pr_auc": 0.5830780831795674,
      "f1": 0.5585412344179613,
      "precision": 0.515972200579674,
      "recall": 0.6087659949992646,
      "accuracy": 0.6551456054816182,
      "tp": 16556,
      "fp": 15531,
      "tn": 33163,
      "fn": 10640,
      "threshold_used": 0.5,
      "pseudo_r2": "N/A"
    }
  }
}