{
  "logistic": {
    "train": {
      "roc_auc": 0.6959060677084741,
      "pr_auc": 0.574231864541482,
      "f1": 0.5466251566923064,
      "precision": 0.5200909355611799,
      "recall": 0.5760124031007752,
      "accuracy": 0.6605387350785894,
      "tp": 46441,
      "fp": 42853,
      "tn": 103461,
      "fn": 34184,
      "threshold_used": 0.5,
      "pseudo_r2": 0.03310651730982683
    },
    "test": {
      "roc_auc": 0.6990028719139361,
      "pr_auc": 0.5857989801452876,
      "f1": 0.5431142662507619,
      "precision": 0.5299097460295249,
      "recall": 0.5569936755405207,
      "accuracy": 0.664171827645276,
      "tp": 15148,
      "fp": 13438,
      "tn": 35256,
      "fn": 12048,
      "threshold_used": 0.5,
      "pseudo_r2": 0.04555965652257776
    }
  },
  "xgboost": {
    "train": {
      "roc_auc": 0.7818068989779122,
      "pr_auc": 0.6776071994971065,
      "f1": 0.6261670146372759,
      "precision": 0.5731209823636064,
      "recall": 0.6900341085271318,
      "accuracy": 0.707282573731267,
      "tp": 55634,
      "fp": 41438,
      "tn": 104876,
      "fn": 24991,
      "threshold_used": 0.5,
      "pseudo_r2": "N/A"
    },
    "test": {
      "roc_auc": 0.7082958980797884,
      "pr_auc": 0.5857972674666309,
      "f1": 0.5621000655010833,
      "precision": 0.5173597155665481,
      "recall": 0.6153110751581115,
      "accuracy": 0.656436948214521,
      "tp": 16734,
      "fp": 15611,
      "tn": 33083,
      "fn": 10462,
      "threshold_used": 0.5,
      "pseudo_r2": "N/A"
    }
  }
}