{
  "logistic": {
    "train": {
      "roc_auc": 0.7278289664163926,
      "pr_auc": 0.6175680445827911,
      "f1": 0.5720076027844898,
      "precision": 0.5536468731138864,
      "recall": 0.5916279069767442,
      "accuracy": 0.6854617320072794,
      "tp": 47700,
      "fp": 38456,
      "tn": 107858,
      "fn": 32925,
      "threshold_used": 0.5,
      "pseudo_r2": 0.06965012474033139
    },
    "test": {
      "roc_auc": 0.7265546402221646,
      "pr_auc": 0.6242641954969288,
      "f1": 0.5664127675009067,
      "precision": 0.5588319496135128,
      "recall": 0.5742020885424327,
      "accuracy": 0.684965081038345,
      "tp": 15616,
      "fp": 12328,
      "tn": 36366,
      "fn": 11580,
      "threshold_used": 0.5,
      "pseudo_r2": 0.07767115351897547
    }
  },
  "xgboost": {
    "train": {
      "roc_auc": 0.7874844447637463,
      "pr_auc": 0.6905044157068722,
      "f1": 0.6295254431103487,
      "precision": 0.5839512065765049,
      "recall": 0.682815503875969,
      "accuracy": 0.7144783399944479,
      "tp": 55052,
      "fp": 39223,
      "tn": 107091,
      "fn": 25573,
      "threshold_used": 0.5,
      "pseudo_r2": "N/A"
    },
    "test": {
      "roc_auc": 0.7380737390421603,
      "pr_auc": 0.6296010862603096,
      "f1": 0.5860992330143215,
      "precision": 0.5441769599193345,
      "recall": 0.6350198558611561,
      "accuracy": 0.6785874291738042,
      "tp": 17270,
      "fp": 14466,
      "tn": 34228,
      "fn": 9926,
      "threshold_used": 0.5,
      "pseudo_r2": "N/A"
    }
  }
}