{
  "logistic": {
    "train": {
      "roc_auc": 0.7278289664163926,
      "pr_auc": 0.6175680445827911,
      "f1": 0.5720076027844898,
      "precision": 0.5536468731138864,
      "recall": 0.5916279069767442,
      "accuracy": 0.6854617320072794,
      "tp": 47700,
      "fp": 38456,
      "tn": 107858,
      "fn": 32925,
      "threshold_used": 0.5,
      "pseudo_r2": 0.06965012474033139
    },
    "test": {
      "roc_auc": 0.7265546402221646,
      "pr_auc": 0.6242641954969288,
      "f1": 0.5664127675009067,
      "precision": 0.5588319496135128,
      "recall": 0.5742020885424327,
      "accuracy": 0.684965081038345,
      "tp": 15616,
      "fp": 12328,
      "tn": 36366,
      "fn": 11580,
      "threshold_used": 0.5,
      "pseudo_r2": 0.07767115351897547
    }
  },
  "xgboost": {
    "train": {
      "roc_auc": 0.752521662649078,
      "pr_auc": 0.6461524673453157,
      "f1": 0.5957965976842153,
      "precision": 0.5557714813343497,
      "recall": 0.6420341085271318,
      "accuracy": 0.6905071406853824,
      "tp": 51764,
      "fp": 41375,
      "tn": 104939,
      "fn": 28861,
      "threshold_used": 0.5,
      "pseudo_r2": "N/A"
    },
    "test": {
      "roc_auc": 0.7413150644714936,
      "pr_auc": 0.6357321364401323,
      "f1": 0.5812495670845743,
      "precision": 0.5493257397224405,
      "recall": 0.6171128107074569,
      "accuracy": 0.6813545921728819,
      "tp": 16783,
      "fp": 13769,
      "tn": 34925,
      "fn": 10413,
      "threshold_used": 0.5,
      "pseudo_r2": "N/A"
    }
  }
}